replica_index,checkpoint_index,selected,effective_rank,spectral_concentration,minimum_eigenvalue,maximum_eigenvalue,condition_number,diagonal_minimum,diagonal_maximum,symmetry_error,off_diagonal_mean,off_diagonal_standard_deviation
0,0,False,26.90886478652024,0.24346683329103896,0.032302076153909565,17.52961199695482,542.6775639259704,0.9999999999999978,1.0000000000000036,3.885780586188048e-16,0.21895880605801893,0.15028399866622863
0,1,False,27.565085678271558,0.23807108772766225,0.03321665270053323,17.141118316391676,516.0399053730212,0.9999999999999967,1.0000000000000036,3.3306690738754696e-16,0.21356562343514612,0.1483138547582069
0,2,True,28.495203245345134,0.22875042416664984,0.03468393009774086,16.47003053999878,474.8605620408501,0.9999999999999962,1.0000000000000022,3.3306690738754696e-16,0.20416445546177053,0.1465946990757182
0,3,False,29.410461532630595,0.21673121104041207,0.036213779887907686,15.60464719490966,430.90357436342293,0.9999999999999967,1.0000000000000027,3.3306690738754696e-16,0.1919274152423341,0.1470131961990276
0,4,False,29.887726165914263,0.20671156279806907,0.03701472222620915,14.883232521460968,402.0895369821942,0.9999999999999969,1.0000000000000018,3.3306690738754696e-16,0.1816406770420549,0.15001625883483471
0,5,False,29.902658644649936,0.20131937572797512,0.03706720158386934,14.494995052414211,391.0463815191823,0.9999999999999964,1.000000000000004,4.440892098500626e-16,0.17606705736809775,0.15370550235923325
0,6,False,29.6827836362752,0.1994624923758267,0.0367762816839334,14.361299451059516,390.50439015246053,0.9999999999999964,1.0000000000000027,3.3306690738754696e-16,0.17412595395250055,0.1568322820141776
0,7,False,29.388799546347904,0.19951539266562324,0.03640550377265382,14.365108271924878,394.58616921310954,0.9999999999999976,1.0000000000000036,3.3306690738754696e-16,0.1741471314292983,0.15923854392890124
0,8,False,29.091029889114655,0.20047442151252456,0.036062782212535865,14.434158348901768,400.2508254586158,0.9999999999999962,1.000000000000003,5.551115123125783e-16,0.17509272158902092,0.1610859868711539
0,9,False,28.813681592283434,0.20183508479480317,0.03578177376737862,14.532126105225828,406.1320771770799,0.9999999999999969,1.0000000000000044,2.7755575615628914e-16,0.17644355949191637,0.16254360012198116
0,10,False,28.561303983062412,0.20336854293628442,0.03556530481184978,14.642535091412485,411.7084098920426,0.9999999999999973,1.000000000000004,3.3306690738754696e-16,0.17796828222317734,0.16373387765842298
1,0,False,29.826616118669868,0.20578150290947161,0.03634724598314452,14.816268209481951,407.6311095578677,0.9999999999999971,1.0000000000000018,3.3306690738754696e-16,0.18333027540735666,0.1488434240644108
1,1,False,29.913957278024583,0.2075129648285999,0.03628324785928106,14.940933467659193,411.78599902647306,0.9999999999999971,1.000000000000003,4.440892098500626e-16,0.18514734882312778,0.14720647047203483
1,2,False,30.159024106341505,0.20773670089223134,0.03633331571012832,14.957042464240647,411.6619188727442,0.9999999999999971,1.0000000000000018,4.440892098500626e-16,0.18556781864870237,0.14510431379170577
1,3,False,30.49698696422867,0.20621856766219016,0.03635029303295437,14.847736871677682,408.46264590541415,0.999999999999996,1.0000000000000018,3.3306690738754696e-16,0.18439533628577087,0.14315557700795026
1,4,False,30.689402639301736,0.2041118400460396,0.03599310789142036,14.696052483314858,408.30184844410013,0.9999999999999971,1.0000000000000022,3.3306690738754696e-16,0.1827047739287339,0.14271960850145318
1,5,False,30.458894193427785,0.2039109171866028,0.034891970461053086,14.681586037435402,420.7726260064102,0.9999999999999967,1.000000000000003,5.551115123125783e-16,0.1827849566691674,0.14479216341859133
1,6,False,29.774729771606754,0.20714580599230908,0.03304658013120784,14.914498031446254,451.31744259859465,0.9999999999999967,1.0000000000000027,4.440892098500626e-16,0.18602657102667816,0.14883250303424286
1,7,True,28.839812606567005,0.21310320844440775,0.030852123483389206,15.34343100799735,497.3217164860065,0.9999999999999967,1.0000000000000018,3.3306690738754696e-16,0.19175762111379316,0.15359511852939176
1,8,False,27.866070426727646,0.22017642273363172,0.028718775947745936,15.852702436821478,551.9978450915042,0.9999999999999964,1.0000000000000022,3.3306690738754696e-16,0.198489369136993,0.15820970581267876
1,9,False,26.97433471757388,0.22714352929030096,0.026865062839136387,16.354334108901675,608.758453565836,0.999999999999998,1.0000000000000027,3.3306690738754696e-16,0.20509492693447878,0.1622900873886455
1,10,False,26.206763149256,0.23342187867680483,0.025342095657976436,16.806375264729958,663.1801683472908,0.999999999999998,1.000000000000004,4.440892098500626e-16,0.21104168846413804,0.16574086910319152
2,0,True,29.920486109265468,0.21112236865055908,0.0435239438000332,15.200810542840244,349.2516811592025,0.9999999999999967,1.000000000000003,3.3306690738754696e-16,0.18815737785042455,0.14588856478684079
2,1,False,29.932885437938626,0.21125975898079383,0.04367169888038449,15.210702646617161,348.2965636001208,0.9999999999999967,1.000000000000004,4.440892098500626e-16,0.18845634239558332,0.14558828045150676
2,2,False,29.956629752226462,0.2112456511795815,0.04382651798928738,15.209686884929852,347.04301374450034,0.999999999999996,1.0000000000000022,3.3306690738754696e-16,0.18861174474180145,0.14526545346233335
2,3,False,30.00757477007733,0.21094688745399645,0.0440235841527016,15.188175896687738,345.0008941572215,0.9999999999999967,1.0000000000000027,3.3306690738754696e-16,0.18849646558373265,0.14487772846945957
2,4,False,30.1094628560167,0.2101589234548189,0.04431700385762578,15.131442488746956,341.43649551216754,0.9999999999999971,1.0000000000000027,4.440892098500626e-16,0.187913268010643,0.14436756098641737
2,5,False,30.29471590497861,0.2085834331035803,0.044780976316923356,15.018007183457787,335.36578294257225,0.9999999999999982,1.0000000000000036,3.3306690738754696e-16,0.1865701448984481,0.14367391248344558
2,6,False,30.598168306711962,0.205843560512944,0.045493779156170096,14.820736356931956,325.7750099426922,0.9999999999999969,1.000000000000004,3.885780586188048e-16,0.18408919893417974,0.14278057708493072
2,7,False,31.03463890574293,0.2016137537796655,0.04648605065756922,14.516190272135916,312.26981141217414,0.999999999999996,1.0000000000000036,4.440892098500626e-16,0.18012556362219626,0.14182410333491105
2,8,False,31.558801874633208,0.19593843770738312,0.04765523619765606,14.107567514931585,296.03394381298796,0.9999999999999969,1.0000000000000036,3.3306690738754696e-16,0.17467967663004147,0.14120772399000409
2,9,False,32.041424643096185,0.18959524424643692,0.04872488867245444,13.650857585743445,280.16190406322386,0.999999999999996,1.0000000000000027,3.3306690738754696e-16,0.16847849315986183,0.14150171951932794
2,10,False,32.32239964758136,0.18398781693131178,0.04937791780634154,13.24712281905444,268.28030438645044,0.9999999999999962,1.0000000000000022,4.440892098500626e-16,0.16290741580662832,0.1430142964491863
3,0,True,24.978422564788534,0.26763685263448284,0.05054252030060713,19.26985338968278,381.2602393998802,0.9999999999999976,1.000000000000004,4.440892098500626e-16,0.24623452844762453,0.14731806615036827
3,1,False,25.082839576188576,0.268525145413812,0.05162347947102079,19.333810469794464,374.5158340333808,0.9999999999999971,1.000000000000003,4.440892098500626e-16,0.24726372431825983,0.1455984605204873
3,2,False,25.30138690106428,0.26826344101450483,0.05308258402985838,19.314967753044343,363.86638115016933,0.9999999999999969,1.000000000000003,4.440892098500626e-16,0.24716237956791776,0.1435146861861987
3,3,False,25.79330187167312,0.2646021142110454,0.055297092271640674,19.051352223195273,344.52719737247077,0.9999999999999978,1.000000000000003,4.440892098500626e-16,0.24372040266504347,0.1411417652326349
3,4,False,26.64594026548071,0.2546709006244768,0.05764349905670655,18.336304844962328,318.09840042715075,0.9999999999999969,1.0000000000000022,3.885780586188048e-16,0.23404181463411095,0.1401096760741092
3,5,False,27.45977380071082,0.24054202660403767,0.05743111186073121,17.319025915490712,301.561738130525,0.999999999999996,1.0000000000000027,3.3306690738754696e-16,0.2199036310852336,0.14383183066723787
3,6,False,27.66004513779878,0.23138891594794522,0.055101269042713806,16.660001948252066,302.3524183324606,0.9999999999999982,1.0000000000000027,3.3306690738754696e-16,0.2102417081580691,0.15069638147484068
3,7,False,27.412124485804096,0.22914857975953506,0.05258526916381586,16.498697742686538,313.7513224718713,0.9999999999999984,1.0000000000000044,3.3306690738754696e-16,0.207286006405139,0.15644740272860125
3,8,False,27.029573130346925,0.23025385826850844,0.05053689910531983,16.57827779533261,328.0430356596113,0.9999999999999976,1.000000000000003,4.440892098500626e-16,0.20772706803641475,0.160528035433345
3,9,False,26.63540627453438,0.2325456853201492,0.048860795364459725,16.74328934305074,342.6732867969121,0.9999999999999967,1.0000000000000027,4.440892098500626e-16,0.20947705632926103,0.1634731447232844
3,10,False,26.264507598830757,0.235155432452306,0.047375078736726126,16.931191136566028,357.3860263252845,0.9999999999999964,1.000000000000003,3.3306690738754696e-16,0.21166541363071142,0.16570700295361612
4,0,True,26.460622756026055,0.24022624243726984,0.0395170415464891,17.296289455483418,437.691911605668,0.9999999999999967,1.0000000000000027,5.551115123125783e-16,0.2191635533378686,0.1502237192960998
4,1,False,27.004987315373295,0.2350730943412614,0.04008296408568626,16.925262792570834,422.255768220866,0.9999999999999984,1.000000000000004,3.885780586188048e-16,0.2138943300902363,0.14883174304343297
4,2,False,27.846413399390293,0.22490444381938116,0.04066158178063319,16.193119954995453,398.24126966718535,0.9999999999999982,1.0000000000000027,3.3306690738754696e-16,0.20336850128478853,0.14845273381514906
4,3,False,28.517877868353253,0.21311304523284705,0.04064148833300898,15.344139256764993,377.5486549862028,0.9999999999999976,1.0000000000000036,3.3306690738754696e-16,0.19095281170696465,0.15110588898208752
4,4,False,28.65872081342261,0.20557867240762176,0.039745700069865754,14.801664413348742,372.4092011797526,0.999999999999996,1.0000000000000013,4.440892098500626e-16,0.18279668549997688,0.15555316064636743
4,5,False,28.45684494192939,0.2029342029561558,0.03834605692656422,14.611262612843213,381.0368988087864,0.9999999999999971,1.0000000000000018,3.3306690738754696e-16,0.17973917659701624,0.1593766001387548
4,6,False,28.150276415055302,0.20294858203666905,0.036808399889879564,14.612297906640176,396.9826982524664,0.9999999999999978,1.000000000000003,4.440892098500626e-16,0.17951759283041605,0.16210861777668997
4,7,False,27.839326197758623,0.2040795544026339,0.03530259871194922,14.693727916989623,416.2222740847713,0.9999999999999958,1.0000000000000022,3.3306690738754696e-16,0.18051007584252002,0.16406135792517137
4,8,False,27.552699488928532,0.20561608090703823,0.033886352778470366,14.804357825306742,436.8825976076323,0.9999999999999969,1.0000000000000013,3.885780586188048e-16,0.18195359575071393,0.1655429504500564
4,9,False,27.29291198366733,0.2072804007997838,0.03256662580241362,14.924188857584436,458.2663536631528,0.9999999999999978,1.000000000000003,4.440892098500626e-16,0.18354411973981216,0.16675105153282813
4,10,False,27.05409409446325,0.20898818406562975,0.031330554689145904,15.047149252725347,480.2707581151844,0.9999999999999973,1.0000000000000027,4.440892098500626e-16,0.18518550536326692,0.16780341014687597
5,0,False,30.7945252298827,0.19161849834503614,0.05478186137672629,13.796531880842608,251.8448905188894,0.9999999999999971,1.0000000000000036,4.440892098500626e-16,0.1728734662958805,0.14335695372550905
5,1,False,31.274881102340697,0.18879210633437923,0.05530011516314485,13.593031656075304,245.80476217768305,0.9999999999999971,1.0000000000000018,4.440892098500626e-16,0.1705222528261346,0.1409911962637319
5,2,False,31.66798665361669,0.18578013123387338,0.05544269243216569,13.37616944883889,241.26118090683775,0.9999999999999976,1.0000000000000036,3.3306690738754696e-16,0.16798208540600398,0.13938124235846416
5,3,False,31.737270605434052,0.18403475036846495,0.05475742826214172,13.250502026529475,241.98547022871466,0.9999999999999971,1.0000000000000022,3.3306690738754696e-16,0.16658496698923247,0.13960881003870862
5,4,True,31.2781055910199,0.185480594126035,0.05291595497091367,13.354602777074518,252.37384044973103,0.9999999999999967,1.0000000000000022,4.440892098500626e-16,0.168131020166021,0.14226858298901404
5,5,False,30.278729788391757,0.19119020694854638,0.05000774982408171,13.765694900295344,275.2712319334621,0.9999999999999978,1.0000000000000036,2.7755575615628914e-16,0.17364932875229913,0.14699641403346564
5,6,False,28.934572934739833,0.20040448226847724,0.04656308847728824,14.429122723330359,309.8832829864444,0.999999999999996,1.0000000000000027,4.440892098500626e-16,0.18242973189032646,0.15291834777695132
5,7,False,27.53090439365897,0.21097128550448352,0.04327204012695899,15.189932556322812,351.03342739921584,0.9999999999999956,1.0000000000000027,3.3306690738754696e-16,0.19242899489657936,0.15908094314670992
5,8,False,26.298691582297284,0.2207754989968297,0.040599085150952466,15.895835927771731,391.5318748850874,0.9999999999999967,1.0000000000000018,3.3306690738754696e-16,0.20166533309229082,0.16461660760449634
5,9,False,25.329924140155736,0.22880414614495795,0.03863092038657104,16.47389852243697,426.4433349655231,0.9999999999999962,1.0000000000000027,4.440892098500626e-16,0.20921805496472354,0.1690534760448055
5,10,False,24.606615254975896,0.23502598544708178,0.03722175986337368,16.92187095218989,454.6230757036575,0.9999999999999967,1.0000000000000049,4.440892098500626e-16,0.2150799373986484,0.17238664440196422
6,0,True,27.105646393096364,0.22795486019708663,0.03746513565721923,16.412749934190245,438.08062205768744,0.9999999999999973,1.000000000000004,3.3306690738754696e-16,0.20564420041074688,0.15661308548462186
6,1,False,27.100374304229327,0.22606513396512845,0.03747303688749944,16.27668964548925,434.3573672546128,0.9999999999999971,1.0000000000000027,3.3306690738754696e-16,0.20308971811619825,0.15834809094438634
6,2,False,27.004803013551687,0.22381077949718844,0.03721066838929359,16.114376123797584,433.05795948653474,0.9999999999999984,1.000000000000004,4.440892098500626e-16,0.20006231028469698,0.1610270048939866
6,3,False,26.82682928049682,0.2215790738878134,0.03668086602695586,15.953693319922571,434.93229707822593,0.9999999999999978,1.000000000000003,4.440892098500626e-16,0.19705061176160238,0.1642861973173058
6,4,False,26.607717703604923,0.21968014484286677,0.03597731750425843,15.81697042868641,439.637291657841,0.9999999999999969,1.0000000000000044,5.551115123125783e-16,0.1944384755941025,0.16759359128062418
6,5,False,26.375479257657553,0.21837420706299462,0.035193593138246076,15.722942908535622,446.75582986861787,0.9999999999999978,1.000000000000003,4.440892098500626e-16,0.19251025744576594,0.17060627947605142
6,6,False,26.134596095498996,0.21783887795652043,0.034398570130672886,15.684399212869481,455.960790035393,0.9999999999999984,1.000000000000003,3.3306690738754696e-16,0.19143631002072445,0.17323571528642598
6,7,False,25.878721441329397,0.21815562882600326,0.03363277628346369,15.707205275472235,467.0207758969644,0.9999999999999967,1.0000000000000027,4.440892098500626e-16,0.19128226451386524,0.1755305395181788
6,8,False,25.601033492077075,0.219336770657895,0.03288842633851389,15.792247487368432,480.17644033259717,0.9999999999999958,1.0000000000000018,3.3306690738754696e-16,0.19204658659056134,0.17757349311663326
6,9,False,25.298200646134266,0.22135343929918702,0.03211392686189958,15.93744762954146,496.27838096778737,0.9999999999999969,1.000000000000003,4.440892098500626e-16,0.19369068975467524,0.17943519686837972
6,10,False,24.97150449856437,0.22414275997523614,0.03124998831587283,16.13827871821701,516.4251120701981,0.9999999999999969,1.000000000000003,4.440892098500626e-16,0.19614538917713795,0.18116120171121197
7,0,True,28.936223975677002,0.21781834431921773,0.05485013382816096,15.682920790983687,285.9231089593407,0.999999999999998,1.0000000000000027,3.3306690738754696e-16,0.1973947212883902,0.14667079568149374
7,1,False,29.263025046792446,0.2164121965425419,0.056630357424103675,15.581678151063016,275.14709176868024,0.999999999999998,1.000000000000003,6.661338147750939e-16,0.19625341341159439,0.1448787699734469
7,2,False,29.922164131902537,0.21200847496908434,0.05922077618894101,15.264610197774072,257.75768539529224,0.9999999999999964,1.0000000000000022,3.3306690738754696e-16,0.19219320405949492,0.14226365119545353
7,3,False,30.905196181500525,0.2034325081990355,0.062291985406445205,14.647140590330562,235.13683975170034,0.9999999999999976,1.000000000000004,3.3306690738754696e-16,0.18398371538801772,0.1397843352074775
7,4,False,31.728136795616077,0.19338334683180788,0.06442661155859163,13.92360097189016,216.11568007464726,0.9999999999999971,1.0000000000000027,4.440892098500626e-16,0.1741041516410848,0.13996956187042686
7,5,False,31.877767758257168,0.18746310643596287,0.0645405618704925,13.49734366338933,209.12962751196972,0.9999999999999982,1.0000000000000027,4.996003610813204e-16,0.16811128221681476,0.14304304344832952
7,6,False,31.47794230714163,0.18677210539808833,0.06322542958671104,13.447591588662355,212.69276739700985,0.9999999999999971,1.000000000000003,3.885780586188048e-16,0.16730817407989906,0.14681539894961945
7,7,False,30.82383874319484,0.18933492398442653,0.06133018060311543,13.632114526878702,222.27416245675008,0.9999999999999973,1.0000000000000022,4.440892098500626e-16,0.16981564190194492,0.1502590364563967
7,8,False,30.075380316718494,0.19360899325613168,0.05927776298890248,13.939847514441482,235.16149752566054,0.9999999999999971,1.000000000000003,4.440892098500626e-16,0.17408907454303105,0.15327650563983286
7,9,False,29.299582591667214,0.1988075830957724,0.057233809055750075,14.314145982895607,250.0994817408106,0.9999999999999958,1.000000000000003,3.3306690738754696e-16,0.17932037451610858,0.15596881662785922
7,10,False,28.522885425001725,0.20456657799461292,0.05525632814484507,14.728793615612133,266.55396965580314,0.9999999999999976,1.000000000000003,3.885780586188048e-16,0.18512526746064184,0.15844100562789737
8,0,False,30.13036077662235,0.1961038752200594,0.047509031250271776,14.119479015844274,297.19568352098327,0.9999999999999971,1.000000000000003,4.440892098500626e-16,0.17790127399473066,0.14346788743879194
8,1,False,31.309029810089697,0.18616546501523776,0.0505193705314461,13.403913481097124,265.3222583752063,0.9999999999999976,1.0000000000000036,4.440892098500626e-16,0.16844719405154987,0.1406420095128902
8,2,True,32.132654854938636,0.17650238181538583,0.05243631192234165,12.708171490707787,242.35441099535436,0.9999999999999978,1.000000000000003,3.3306690738754696e-16,0.15916288021207248,0.14061492678630916
8,3,False,32.225730306353654,0.17144742020541187,0.05102223883552774,12.344214254789659,241.9379183767638,0.9999999999999976,1.0000000000000022,4.440892098500626e-16,0.15425621160027947,0.14340865955095497
8,4,False,31.758506910771082,0.17132786684942558,0.04937590793924,12.335606413158647,249.830472552289,0.9999999999999973,1.000000000000004,4.440892098500626e-16,0.15415231763644519,0.14728422746254785
8,5,False,31.01508471438332,0.1743516564720126,0.04768255861781953,12.553319265984907,263.2685751324927,0.9999999999999971,1.0000000000000027,4.440892098500626e-16,0.15717334286705953,0.15123183800068857
8,6,False,30.16803790056097,0.17906352891649607,0.046012687219627244,12.892574081987718,280.19606897656354,0.9999999999999967,1.0000000000000027,4.440892098500626e-16,0.16191250208456606,0.1549539740192935
8,7,False,29.30130323021309,0.18465000879412774,0.04438076241324452,13.294800633177193,299.56224071557716,0.9999999999999967,1.0000000000000027,4.440892098500626e-16,0.16756746511539714,0.15839761959318893
8,8,False,28.448868783280403,0.19074354988001024,0.042769950491176406,13.733535591360724,321.10244303869376,0.9999999999999944,1.0000000000000022,4.440892098500626e-16,0.1737716052621264,0.16157888134761245
8,9,False,27.617254020411025,0.19724744651135434,0.041140795415163925,14.201816148817507,345.20032987944893,0.9999999999999964,1.0000000000000022,3.3306690738754696e-16,0.18042852976659396,0.16453766628554203
8,10,False,26.800197347077326,0.20419749304791437,0.03944360275210773,14.702219499449846,372.7402791233164,0.999999999999998,1.0000000000000036,3.3306690738754696e-16,0.1875722649026964,0.1673257245994588
9,0,True,29.84976037732535,0.19758017333657846,0.05040072362980735,14.225772480233644,282.2533379624022,0.9999999999999962,1.0000000000000018,3.3306690738754696e-16,0.1776307201510248,0.1494255573616201
9,1,False,30.41574543719908,0.1925474309858238,0.051289582071567,13.863415030979318,270.29689989742906,0.9999999999999971,1.000000000000003,3.3306690738754696e-16,0.17191646825947043,0.14836643725238083
9,2,False,30.670153834232558,0.18875112768690816,0.05137275386867973,13.590081193457387,264.53869356890385,0.9999999999999969,1.0000000000000022,5.551115123125783e-16,0.16725097893223215,0.14909244710382494
9,3,False,30.583978390626534,0.18720392328551913,0.05081393402988352,13.478682476557374,265.25563772784454,0.9999999999999976,1.0000000000000027,4.440892098500626e-16,0.16490345574855172,0.15104660092235486
9,4,False,30.272180358584226,0.1877280232731558,0.049764749404980595,13.516417675667217,271.60626421871336,0.9999999999999971,1.000000000000003,4.440892098500626e-16,0.16484234624945662,0.1533615410747026
9,5,False,29.86204666145069,0.18958041460701247,0.04853816008443778,13.64978985170491,281.2177022771261,0.9999999999999976,1.0000000000000036,3.3306690738754696e-16,0.16632431629297972,0.15552408326525338
9,6,False,29.436506095533286,0.19206149535534042,0.04737476722000106,13.828427665584528,291.89436649614464,0.9999999999999978,1.000000000000004,2.7755575615628914e-16,0.1685902411702018,0.15736859216386875
9,7,False,29.037969458773937,0.19470146287056622,0.04636495611748179,14.01850532668077,302.3513122962955,0.9999999999999964,1.000000000000003,4.440892098500626e-16,0.1711124352949275,0.1588905812616459
9,8,False,28.68376814876535,0.1972380560480332,0.04553180637541223,14.201140035458408,311.89494039329855,0.9999999999999984,1.000000000000003,3.3306690738754696e-16,0.17358871284756924,0.16013483112943347
9,9,False,28.377679624142335,0.19955038890277188,0.04486791839966238,14.367628000999584,320.2205164282303,0.9999999999999976,1.000000000000003,3.3306690738754696e-16,0.17587405532376588,0.16115251915577822
9,10,False,28.11680586196459,0.20160194025327902,0.04435291011326384,14.515339698236083,327.26916139591117,0.9999999999999976,1.000000000000003,4.440892098500626e-16,0.17791813296530304,0.16198892185081096
10,0,False,27.074309790219623,0.23055684386938177,0.04382780359552741,16.6000927585955,378.75712211801385,0.9999999999999982,1.000000000000004,4.440892098500626e-16,0.2126426234422171,0.1492344301541256
10,1,False,26.940072061871977,0.23456055801248382,0.04404699421248897,16.888360176898836,383.41685917152444,0.9999999999999964,1.000000000000003,4.440892098500626e-16,0.2168276085915139,0.14754072274044064
10,2,True,26.841537338018636,0.23865892148601153,0.044387717958934356,17.183442346992834,387.12155382464647,0.9999999999999969,1.0000000000000027,4.440892098500626e-16,0.2211048316834334,0.1453611986809116
10,3,False,26.83648692575477,0.24213585085956804,0.04482760827963006,17.433781261888903,388.9072366551155,0.9999999999999978,1.0000000000000044,4.440892098500626e-16,0.2247468214986941,0.14263913861639183
10,4,False,26.988450891128878,0.24370388211952468,0.04480842864191272,17.546679512605785,391.5932793098003,0.9999999999999976,1.0000000000000022,3.885780586188048e-16,0.22642126081412772,0.13976642066843759
10,5,False,27.25143569774153,0.2420402432435383,0.04338117976308338,17.426897513534747,401.715619738971,0.9999999999999967,1.000000000000004,4.440892098500626e-16,0.22468564191597185,0.13856173870754354
10,6,False,27.316399214550785,0.2380788061706287,0.04094539443690289,17.141674044285274,418.6471831575759,0.9999999999999971,1.000000000000003,4.440892098500626e-16,0.22032101237705948,0.1421254011994223
10,7,False,26.914051229739755,0.23566858174059607,0.038332885310016974,16.968137885322918,442.6522487961239,0.9999999999999973,1.0000000000000036,3.3306690738754696e-16,0.21724815677853104,0.15015344911238138
10,8,False,26.23821004359912,0.2363682844221574,0.03620356166450205,17.01851647839532,470.0785142662398,0.9999999999999964,1.0000000000000022,4.440892098500626e-16,0.21729794656970486,0.15860219638995318
10,9,False,25.55809835082956,0.23884067243013915,0.03467945158616384,17.196528414970018,495.87082922127195,0.9999999999999973,1.000000000000003,3.885780586188048e-16,0.21926289304167676,0.1653624406328994
10,10,False,24.971821989154886,0.24189534684862896,0.03361022190070294,17.41646497310127,518.1895265242808,0.9999999999999971,1.0000000000000027,4.440892098500626e-16,0.2219473438843683,0.17034382069399412
11,0,False,30.737411895223847,0.19499107487834677,0.05222432141753906,14.039357391240973,268.8279523824695,0.9999999999999976,1.000000000000003,4.440892098500626e-16,0.17234659536754565,0.1470150153307852
11,1,False,31.414244233164027,0.18969248833944982,0.053058096900188076,13.657859160440381,257.4132876671641,0.9999999999999969,1.000000000000004,4.440892098500626e-16,0.16720163806755692,0.14519035365777788
11,2,False,32.11511217842552,0.18379986690711217,0.05382749518552063,13.233590417312076,245.85187127324951,0.9999999999999967,1.000000000000003,3.3306690738754696e-16,0.16141580204037634,0.14363686575503257
11,3,True,32.7249933876727,0.17809382592685866,0.05435780184299466,12.822755466733824,235.89540106442607,0.9999999999999967,1.0000000000000027,4.440892098500626e-16,0.15571142182700776,0.14276934385168305
11,4,False,33.13992427073291,0.1734644408100865,0.054517121051728165,12.489439738326233,229.0920631424341,0.9999999999999976,1.0000000000000027,3.3306690738754696e-16,0.15094874519946658,0.14279025064166323
11,5,False,33.321439846528584,0.1704512020849671,0.05428423169220303,12.272486550117641,226.07829506925427,0.9999999999999978,1.000000000000003,3.3306690738754696e-16,0.14768936040830116,0.1435817100834859
11,6,False,33.29644561197453,0.16909095719891915,0.053733020218138465,12.17454891832218,226.5748113338409,0.9999999999999969,1.0000000000000027,3.3306690738754696e-16,0.14602383741246494,0.14485966576126158
11,7,False,33.12070708663101,0.1690995380801323,0.05297170845244989,12.175166741769516,229.8428179392886,0.999999999999996,1.0000000000000022,3.3306690738754696e-16,0.14571884569283025,0.14636167037644793
11,8,False,32.84874499303682,0.1701030141416614,0.052097848749798906,12.247417018199616,235.0848895319673,0.9999999999999969,1.0000000000000022,3.3306690738754696e-16,0.1464317112010282,0.1479178377639453
11,9,False,32.522356006002376,0.17176651460001682,0.0511829478620455,12.367189051201212,241.6271349695364,0.9999999999999976,1.0000000000000027,4.440892098500626e-16,0.1478402780797963,0.14943939083563382
11,10,False,32.17011945636916,0.17383361667961214,0.05027365095520818,12.516020400932064,248.9578569116323,0.9999999999999971,1.0000000000000022,3.3306690738754696e-16,0.14968928053891045,0.1508878916309939
12,0,True,27.162714051649385,0.22803037759547717,0.032837333518575235,16.418187186874356,499.9853955129155,0.9999999999999976,1.000000000000003,3.3306690738754696e-16,0.20412416899784502,0.15907212597463688
12,1,False,27.814120265314987,0.2246023680469854,0.03332271585176074,16.171370499382952,485.2956935239861,0.9999999999999973,1.0000000000000027,3.3306690738754696e-16,0.20077725807302488,0.15622771129000945
12,2,False,28.577009944076263,0.22014960632876157,0.0338862584410146,15.850771655670837,467.763995935464,0.9999999999999976,1.000000000000004,3.3306690738754696e-16,0.1964147436240067,0.15317263424819547
12,3,False,29.440341617730063,0.21462938084554312,0.034533714771660305,15.453315420879111,447.48488609052555,0.9999999999999978,1.0000000000000027,4.440892098500626e-16,0.1909807767054053,0.15005636684356038
12,4,False,30.333102380965475,0.20838424975458433,0.03518864067606952,15.00366598233007,426.37810651587637,0.9999999999999973,1.0000000000000027,3.3306690738754696e-16,0.184789007668851,0.14725118281005425
12,5,False,31.11991026985424,0.20225409571737094,0.035671127330766876,14.56229489165069,408.23758544604493,0.999999999999996,1.0000000000000027,5.551115123125783e-16,0.1786438971324948,0.14527884151453668
12,6,False,31.651530138088777,0.19734989049359578,0.03576961194389903,14.209192115538901,397.2419979793061,0.9999999999999978,1.0000000000000036,3.3306690738754696e-16,0.17363339273776537,0.1445430962235276
12,7,False,31.83703104965489,0.19458760542204934,0.035355742701788616,14.010307590387551,396.2668160745152,0.999999999999998,1.0000000000000027,4.440892098500626e-16,0.17067762913085827,0.14510221953471045
12,8,False,31.668343916790473,0.1944069859082374,0.03442244293158249,13.997302985393098,406.6330508039165,0.9999999999999982,1.000000000000003,3.3306690738754696e-16,0.1702457111522849,0.1467109204336414
12,9,False,31.18995850045962,0.19684695859816834,0.033033892841231136,14.172981019068125,429.04362156730645,0.9999999999999978,1.0000000000000027,3.3306690738754696e-16,0.17241336354549217,0.14902850537491405
12,10,False,30.460726588301437,0.2017587245681635,0.03126659959063222,14.526628168907774,464.6053091510499,0.9999999999999971,1.0000000000000036,4.440892098500626e-16,0.1770556679278216,0.1517794373182312
13,0,True,25.366681019381303,0.2539919755278383,0.05872579164642695,18.287422238004368,311.4035881901479,0.9999999999999976,1.0000000000000027,4.440892098500626e-16,0.2334776330399953,0.15052725586238266
13,1,False,25.4270656175021,0.2544409554574181,0.05907731349133448,18.3197487929341,310.0978651580231,0.9999999999999976,1.0000000000000018,3.3306690738754696e-16,0.23409342019779766,0.1494143241205065
13,2,False,25.459846382911042,0.2551960729054138,0.05916598636293317,18.37411724918978,310.55203130528656,0.9999999999999967,1.0000000000000018,4.440892098500626e-16,0.23501017150946943,0.14830462313107437
13,3,False,25.488408123934214,0.2560369172784025,0.05902861415760949,18.43465804404496,312.30037003449644,0.9999999999999958,1.0000000000000018,5.551115123125783e-16,0.23601401187895124,0.14712791169852832
13,4,False,25.55889635053588,0.2564924125280943,0.058834598853222536,18.46745370202278,313.88764539883095,0.9999999999999962,1.0000000000000027,3.885780586188048e-16,0.23664800812068845,0.14576811898695644
13,5,False,25.74337804625231,0.2557272102899393,0.05884683106701168,18.41235914087563,312.8861623816005,0.999999999999998,1.000000000000003,3.3306690738754696e-16,0.23609696764767754,0.144117657426751
13,6,False,26.11673818449672,0.25258496236574474,0.0592930363297142,18.186117290333613,306.71590486958746,0.9999999999999964,1.0000000000000027,4.440892098500626e-16,0.23321333640678193,0.1423185966829434
13,7,False,26.668928330943015,0.24628656999861429,0.05974487495335137,17.73263303990023,296.8059277677929,0.9999999999999967,1.0000000000000022,3.3306690738754696e-16,0.22716765938623718,0.14124904799848653
13,8,False,27.201792468875848,0.23794088427147397,0.05934607350493784,17.131743667546125,288.6752678948624,0.9999999999999962,1.000000000000003,3.3306690738754696e-16,0.21893341293443028,0.14242503240917923
13,9,False,27.44597246015003,0.23066256056542545,0.05803524623488275,16.607704360710606,286.1658291841339,0.9999999999999947,1.0000000000000013,3.3306690738754696e-16,0.21153032774455757,0.14624352167729898
13,10,False,27.339366538876412,0.22665863642323036,0.05611545561161393,16.319421822472577,290.8186638530122,0.999999999999996,1.0000000000000027,4.996003610813204e-16,0.20724347317985148,0.1512685481277822
14,0,True,27.88856791887354,0.22213865387074444,0.04824680282479486,15.993983078693603,331.5034808995472,0.9999999999999964,1.0000000000000027,4.440892098500626e-16,0.1998681583876195,0.15161954045700593
14,1,False,28.535236384750103,0.21253780810357822,0.048673015494046616,15.302722183457632,314.3984819541203,0.9999999999999971,1.000000000000004,3.3306690738754696e-16,0.1900739155239432,0.1519885727582648
14,2,False,28.926347718803367,0.2041854052988371,0.04881411564355808,14.701349181516274,301.17004042162523,0.9999999999999978,1.0000000000000027,3.3306690738754696e-16,0.18144963370561584,0.15398741070757507
14,3,False,28.996001779599673,0.19932506684086837,0.04875784316044303,14.351404812542533,294.34043596468496,0.9999999999999973,1.0000000000000044,3.3306690738754696e-16,0.1763507315462089,0.15662532841265986
14,4,False,28.87189189895091,0.19767808754194086,0.0486804815967283,14.232822303019738,292.37225754924106,0.9999999999999969,1.0000000000000022,3.3306690738754696e-16,0.17458482318659635,0.15891151732340764
14,5,False,28.67554818871663,0.198039890459946,0.04834090645876543,14.258872113116112,294.96493048343774,0.9999999999999971,1.000000000000003,3.3306690738754696e-16,0.17495344693038126,0.16057785608472197
14,6,False,28.46358644889165,0.1994931340375367,0.04783519294182242,14.363505650702649,300.2706745255877,0.999999999999998,1.000000000000004,3.3306690738754696e-16,0.17650982325794431,0.16172881090979943
14,7,False,28.250444644218096,0.2015477000074236,0.04733081753336563,14.511434400534498,306.5958957988573,0.9999999999999971,1.0000000000000027,3.3306690738754696e-16,0.17873281861495596,0.16254175557620343
14,8,False,28.0310181700951,0.20399889494126539,0.04683908905353905,14.687920435771101,313.5825382723005,0.9999999999999973,1.0000000000000027,3.885780586188048e-16,0.18139424317511926,0.16317351491836446
14,9,False,27.79257031428517,0.20680211371031723,0.04633739512216091,14.889752187142838,321.3333884627839,0.9999999999999971,1.000000000000003,4.440892098500626e-16,0.184433125362221,0.1637471291768932
14,10,False,27.520563202890173,0.2099933892604823,0.04579757787445142,15.119524026754709,330.1380712360613,0.9999999999999964,1.0000000000000013,4.440892098500626e-16,0.18787374820624766,0.16435789419157698
15,0,True,30.289434585433334,0.19493992582786637,0.038466478746002286,14.035674659606379,364.8806731774238,0.9999999999999973,1.0000000000000027,4.440892098500626e-16,0.17205989830403787,0.15434248093226774
15,1,False,30.554940714245387,0.19215923128758408,0.03815740945537516,13.835464652706047,362.5892022068881,0.9999999999999978,1.0000000000000027,3.3306690738754696e-16,0.1692369229570111,0.1535308359807564
15,2,False,30.75589372884485,0.18929240781202805,0.03783523429339674,13.629053362466028,360.22119637949913,0.999999999999998,1.0000000000000027,5.551115123125783e-16,0.16632038719479147,0.15317017264200616
15,3,False,30.83707314374671,0.18687539722150995,0.03754511949587082,13.455028599948712,358.36957720772426,0.9999999999999962,1.0000000000000027,3.3306690738754696e-16,0.16382534393195458,0.15343941339498815
15,4,False,30.776542415564542,0.1853436568597644,0.037416788198184996,13.34474329390304,356.65122359567897,0.9999999999999978,1.0000000000000027,3.3306690738754696e-16,0.16217541470347063,0.15432365670890788
15,5,False,30.587951537535815,0.1849014017326934,0.037603552418644944,13.312900924753933,354.03306518862314,0.9999999999999976,1.000000000000003,3.3306690738754696e-16,0.1615767312781295,0.15565349070085407
15,6,False,30.306210173322892,0.1855203709529823,0.038164057845550894,13.35746670861472,350.0012174457992,0.9999999999999962,1.0000000000000027,4.440892098500626e-16,0.16201273629134538,0.15721083247690235
15,7,False,29.970376035377562,0.18702691709219288,0.038858126800572296,13.46593803063788,346.5411006492355,0.9999999999999971,1.0000000000000022,4.440892098500626e-16,0.16332403285387867,0.15881173481390695
15,8,False,29.613082776786385,0.18919729549503284,0.03924873320196176,13.622205275642358,347.0737566368507,0.9999999999999962,1.0000000000000022,3.3306690738754696e-16,0.1652988436569105,0.1603351375708081
15,9,False,29.25711094734232,0.1918191575710553,0.03950887257497635,13.810979345115982,349.56652632663105,0.999999999999998,1.0000000000000036,4.440892098500626e-16,0.1677332112126338,0.16171656578479973
15,10,False,28.91604526635685,0.1947184264250527,0.039898668300268524,14.019726702603787,351.3833243028172,0.9999999999999964,1.0000000000000027,3.3306690738754696e-16,0.17045854161214422,0.16293121731061666
16,0,True,30.35443789073533,0.1955628155688647,0.06636757918410101,14.080522720958253,212.15965527233482,0.9999999999999969,1.0000000000000022,3.3306690738754696e-16,0.17501744668355307,0.14890261405545266
16,1,False,30.8660280846911,0.19201161446443893,0.06734273663564196,13.824836241439609,205.29068066002307,0.9999999999999971,1.0000000000000036,4.440892098500626e-16,0.1716274880891449,0.14703418404006202
16,2,False,31.58426301891306,0.1866415772177175,0.06865991784228473,13.438193559675653,195.7210841781643,0.9999999999999969,1.000000000000003,4.440892098500626e-16,0.1664546543212067,0.14462734524888013
16,3,False,32.411195273007166,0.1796191046274693,0.07002458381314666,12.93257553317779,184.68621773871624,0.9999999999999973,1.000000000000003,4.440892098500626e-16,0.15962958796159743,0.14234110394641503
16,4,False,33.11268477191852,0.1722333172655791,0.0709580096900696,12.400798843121688,174.76249541504754,0.9999999999999969,1.0000000000000022,4.440892098500626e-16,0.15237790497980358,0.14122882928061206
16,5,False,33.470600611952236,0.16635731026997572,0.07116922663823413,11.977726339438249,168.29923416651928,0.9999999999999949,1.0000000000000027,3.3306690738754696e-16,0.1465356062755562,0.14181345296814318
16,6,False,33.44806935137702,0.16308289493044523,0.0707099227080322,11.741968434992064,166.0582841177148,0.999999999999998,1.000000000000004,3.3306690738754696e-16,0.14321894360601758,0.14365698789096162
16,7,False,33.14913540569738,0.16228186644564957,0.06977702649235189,11.684294384086758,167.4518816786704,0.9999999999999962,1.0000000000000018,4.440892098500626e-16,0.14234851082284333,0.14603259160085644
16,8,False,32.694426625876346,0.16325528504683534,0.06852662838851861,11.754380523372141,171.53011609924098,0.9999999999999967,1.000000000000004,3.3306690738754696e-16,0.14325526230914187,0.14848436893393455
16,9,False,32.16807747965179,0.16531556014511328,0.06701102817441808,11.902720330448151,177.62330551722675,0.9999999999999967,1.000000000000003,4.440892098500626e-16,0.14525863299297076,0.1508350864738896
16,10,False,31.619068880195734,0.16796966908716235,0.06520387820583042,12.093816174275684,185.47694565189647,0.9999999999999962,1.000000000000003,4.440892098500626e-16,0.14786206490527515,0.15304374795342757
17,0,True,27.412100643879388,0.22985172607799131,0.04624118046500253,16.549324277615362,357.8914748973733,0.9999999999999969,1.0000000000000022,4.440892098500626e-16,0.20757323749897344,0.15236743889199095
17,1,False,27.978510706083817,0.2252531730735336,0.047357321335655074,16.218228461294416,342.46507200743633,0.999999999999996,1.000000000000003,3.3306690738754696e-16,0.20323913224313944,0.15020551217052375
17,2,False,28.791630306003114,0.21774220772125016,0.04884412301420204,15.677438955930011,320.96878781857953,0.9999999999999962,1.000000000000003,4.440892098500626e-16,0.19597667293657495,0.14779661878330844
17,3,False,29.621434157744897,0.20861460879242036,0.05025337498411366,15.020251833054278,298.8904096053758,0.9999999999999973,1.0000000000000036,3.3306690738754696e-16,0.18691615026178787,0.14649352077724398
17,4,False,30.1769520040035,0.20052334701977761,0.05110718600375482,14.437680985423988,282.49806170825485,0.9999999999999962,1.000000000000004,2.7755575615628914e-16,0.17858582201705933,0.1472088461637153
17,5,False,30.36603207236928,0.19528922920390732,0.05130434089307063,14.060824502681339,274.0669553086579,0.999999999999996,1.000000000000004,3.3306690738754696e-16,0.17288578835213078,0.14937725632146107
17,6,False,30.28741271222729,0.19288338859771206,0.051025458599501326,13.887603979035259,272.17009626584684,0.9999999999999969,1.0000000000000018,4.440892098500626e-16,0.1699662248342348,0.15194905194340824
17,7,False,30.064458783689588,0.1924474221981048,0.050479651234942725,13.856214398263532,274.4910881767754,0.999999999999996,1.0000000000000018,3.3306690738754696e-16,0.16908195246855634,0.15435002157195232
17,8,False,29.775643369789048,0.19319598418687706,0.04979862131297106,13.910110861455145,279.3272282385853,0.9999999999999967,1.0000000000000027,4.440892098500626e-16,0.16947791803862125,0.15643667151581417
17,9,False,29.459796962758627,0.19463249425561985,0.049042902849713584,14.01353958640463,285.7404185341054,0.9999999999999971,1.0000000000000036,3.3306690738754696e-16,0.1706477570346926,0.1582400683754127
17,10,False,29.132641206176466,0.1964957695084056,0.04823029868965142,14.147695404605209,293.336259342736,0.9999999999999973,1.000000000000003,3.3306690738754696e-16,0.17231046049815985,0.15983182520905104
18,0,True,25.66160002419958,0.2584348775342251,0.029530480747192497,18.607311182464194,630.1052577423148,0.9999999999999958,1.0000000000000022,3.3306690738754696e-16,0.23513114491634726,0.15335020418183198
18,1,False,25.69536425281464,0.26217066814700035,0.03022621646099338,18.876288106584035,624.5005269165491,0.9999999999999967,1.0000000000000027,4.440892098500626e-16,0.23876473690385838,0.150420769505139
18,2,False,25.856793624151283,0.26458271559871926,0.03132175676499214,19.049955523107805,608.2020132536006,0.9999999999999969,1.0000000000000036,4.440892098500626e-16,0.24099690263046886,0.1473113860220085
18,3,False,26.137540847420503,0.26346888783801364,0.03287753163221328,18.969759924336998,576.982485684859,0.9999999999999967,1.0000000000000036,4.440892098500626e-16,0.2395348623283159,0.14614699007925305
18,4,False,26.321929459522643,0.2578765247332367,0.03437535674461379,18.567109780793047,540.1284972468625,0.9999999999999962,1.000000000000003,4.440892098500626e-16,0.23338384605629717,0.15017936412163474
18,5,False,26.231730180043364,0.2509910634593641,0.03497266540092047,18.071356569074226,516.7280320761195,0.9999999999999971,1.000000000000003,3.3306690738754696e-16,0.2259219585008404,0.15802063255816468
18,6,False,26.00882084205329,0.2461376350478725,0.0348386625123684,17.721909723446814,508.68513442946306,0.9999999999999976,1.0000000000000022,3.3306690738754696e-16,0.2206938104055265,0.16494838453376473
18,7,False,25.785243526980413,0.24346577141335127,0.03453358015372427,17.529535541761298,507.60840502865807,0.9999999999999967,1.0000000000000027,4.440892098500626e-16,0.21784896920571822,0.1696783030280523
18,8,False,25.588318683357535,0.24223138079684212,0.03425679277115358,17.440659417372636,509.1153609703589,0.9999999999999971,1.0000000000000022,4.440892098500626e-16,0.21656933854844929,0.1727582328078831
18,9,False,25.414240798392868,0.24186820450975244,0.03401723917953937,17.41451072470217,511.93192465709035,0.9999999999999969,1.0000000000000027,4.440892098500626e-16,0.2162292533760657,0.17479952148954989
18,10,False,25.256005612747018,0.2420291792078424,0.03379031795879953,17.426100902964674,515.7128418919373,0.9999999999999973,1.0000000000000044,3.885780586188048e-16,0.2164445245360467,0.17621113036692132
19,0,True,29.565522668098073,0.2173220047104861,0.0662618155314708,15.64718433915499,236.14179921954323,0.9999999999999958,1.0000000000000027,3.3306690738754696e-16,0.19792634129042994,0.14332737463030362
19,1,False,30.085609930748507,0.2157958569087745,0.06927578968934212,15.537301697431761,224.28184170987706,0.9999999999999967,1.0000000000000027,3.3306690738754696e-16,0.19602697584521167,0.14094068029043474
19,2,False,30.780553047824473,0.20994067030016708,0.07292833813981901,15.115728261612013,207.26823957831004,0.9999999999999951,1.0000000000000022,3.3306690738754696e-16,0.18979179177580544,0.1396953769195195
19,3,False,31.073212648698725,0.20297283136282557,0.07623200739351077,14.614043858123434,191.7048279036589,0.9999999999999956,1.0000000000000027,4.440892098500626e-16,0.18237281654272303,0.14231106919503203
19,4,False,30.737088158627934,0.1996923031324972,0.07774678546361649,14.377845825539787,184.93170797740893,0.9999999999999958,1.0000000000000022,4.440892098500626e-16,0.1786962808160392,0.1473738814986365
19,5,False,30.13478353073556,0.19984802253601244,0.07728660372005332,14.389057622592908,186.17790056751355,0.9999999999999973,1.000000000000004,4.440892098500626e-16,0.17860966576407514,0.15210102083123941
19,6,False,29.531896848270087,0.2015402866229617,0.0751774496335763,14.510900636853247,193.021986082011,0.9999999999999973,1.000000000000003,3.3306690738754696e-16,0.1801792078193577,0.15576186780173693
19,7,False,29.011858646276014,0.20366447302671903,0.07273063259017885,14.663842057923752,201.61851390116848,0.9999999999999962,1.0000000000000018,3.3306690738754696e-16,0.18224659665781484,0.15850479109752255
19,8,False,28.5833759332438,0.20576057666382414,0.07046427216828804,14.81476151979533,210.24500876718926,0.9999999999999971,1.0000000000000022,3.3306690738754696e-16,0.18431688167650823,0.1605863696829267
19,9,False,28.232954060472224,0.20767566055335399,0.06832473498950746,14.95264755984148,218.84676994558032,0.9999999999999969,1.0000000000000018,3.3306690738754696e-16,0.18621855611156818,0.16221019306819937
19,10,False,27.94335606432737,0.20938427015600408,0.06639980433874702,15.075667451232302,227.04385353790914,0.9999999999999971,1.0000000000000036,3.3306690738754696e-16,0.18791716785555715,0.16351810724445523
20,0,False,26.27536273224155,0.2356287894104207,0.0415162652833963,16.965272837550287,408.6415943665156,0.9999999999999969,1.0000000000000044,4.440892098500626e-16,0.21049262889074838,0.1604755652470954
20,1,True,26.998423116661744,0.22935114611605767,0.04445896235819742,16.513282520356142,371.4275287693797,0.9999999999999967,1.0000000000000027,4.440892098500626e-16,0.2048619442971985,0.15737950929956782
20,2,False,27.8354956549091,0.2208920212291157,0.047305525677559475,15.904225528496326,336.2022787126723,0.9999999999999969,1.0000000000000022,3.3306690738754696e-16,0.19682806034339131,0.1549570666104735
20,3,False,28.55575538337416,0.21221699870695807,0.04916697859738656,15.27962390690097,310.77004003075245,0.9999999999999969,1.0000000000000022,3.3306690738754696e-16,0.18825185378947518,0.15411648716209447
20,4,False,28.9948621977428,0.20545406684382267,0.04992243724179026,14.792692812755234,296.31351412411044,0.9999999999999976,1.0000000000000027,3.3306690738754696e-16,0.18132046098787433,0.1547686062405401
20,5,False,29.161561083627745,0.20127988643208564,0.04998908739983339,14.492151823110166,289.90630909494195,0.9999999999999962,1.000000000000003,3.885780586188048e-16,0.17686126184045417,0.15616910721265062
20,6,False,29.143754666598774,0.19924250297486854,0.04976442285900465,14.345460214190545,288.2673884279721,0.9999999999999976,1.000000000000003,3.3306690738754696e-16,0.17453302216156935,0.1577457172579585
20,7,False,29.017540097271695,0.19867931598125993,0.049483199658524,14.30491075065071,289.08621207534503,0.9999999999999962,1.0000000000000022,5.551115123125783e-16,0.17371787322498605,0.15926083988622441
20,8,False,28.82884105459973,0.1990915405844373,0.04925760269406076,14.334590922079492,291.01276022529385,0.9999999999999973,1.0000000000000027,3.3306690738754696e-16,0.17392352875409692,0.16066172973232432
20,9,False,28.601546006882078,0.2001715659843681,0.04912785411245311,14.412352750874504,293.3641823207826,0.9999999999999973,1.000000000000003,3.3306690738754696e-16,0.17483433463143633,0.16196480072131927
20,10,False,28.346529188453477,0.20175067091226773,0.049091144639929044,14.526048305683268,295.89956421322233,0.9999999999999964,1.0000000000000018,4.440892098500626e-16,0.17627037749253915,0.1632049683511797
21,0,True,31.371283620365315,0.1827357761821297,0.05468229137345141,13.156975885113344,240.60761820052656,0.9999999999999971,1.0000000000000036,4.440892098500626e-16,0.16308649319474278,0.14409808366166751
21,1,False,31.151131995939682,0.18571202044799592,0.054515999274176476,13.3712654722557,245.272317306481,0.9999999999999971,1.0000000000000027,3.3306690738754696e-16,0.1661958973942866,0.14382644400997605
21,2,False,30.92163406775525,0.18890957888742885,0.05439663858376499,13.601489679894883,250.04283415325466,0.9999999999999976,1.0000000000000058,2.7755575615628914e-16,0.16952103461852225,0.14349334757520388
21,3,False,30.724072216350688,0.1920777348569597,0.05446411010857888,13.829596909701085,253.9212865523846,0.9999999999999956,1.0000000000000018,3.3306690738754696e-16,0.17281222198881638,0.14296054297075936
21,4,False,30.628357574246856,0.19471284693554397,0.05493586090154635,14.019324979359165,255.19441671231817,0.9999999999999973,1.0000000000000036,3.885780586188048e-16,0.17556601966942137,0.14202224343807932
21,5,False,30.721020194305613,0.19595528177606805,0.056043001903232095,14.108780287876893,251.74918917152465,0.9999999999999969,1.0000000000000022,2.7755575615628914e-16,0.17691079576537672,0.14054129453304823
21,6,False,30.99861877268778,0.1949540545108304,0.05769332068201271,14.036691924779792,243.2983880776353,0.9999999999999978,1.0000000000000044,3.3306690738754696e-16,0.17592811346503165,0.13907289935628048
21,7,False,31.151010048422894,0.19261302066817662,0.058276205177845014,13.868137488108712,237.9725557933376,0.9999999999999971,1.0000000000000022,3.3306690738754696e-16,0.1733497862095302,0.13964829728545688
21,8,False,30.728346091833917,0.19273683030160596,0.054841640003074225,13.877051781715618,253.03859951922882,0.9999999999999958,1.0000000000000018,3.3306690738754696e-16,0.1728992709012518,0.14364768666032227
21,9,False,29.7998891068258,0.19735112092456258,0.05030286254270833,14.209280706568503,282.47459465163604,0.9999999999999976,1.000000000000003,3.3306690738754696e-16,0.17684614407998936,0.14911513784366134
21,10,False,28.738953599428285,0.20457705205238189,0.04607840759450945,14.729547747771473,319.662690546767,0.9999999999999958,1.0000000000000018,3.3306690738754696e-16,0.1835066060349777,0.1541101718620738
22,0,True,26.92818405058262,0.23110040220273673,0.010114971084892878,16.639228958597045,1645.010036998367,0.9999999999999956,1.000000000000003,3.3306690738754696e-16,0.20659549212813588,0.15364219176084187
22,1,False,27.462356726153544,0.22242269603983572,0.010385772749783088,16.01443411486817,1541.9588412622104,0.9999999999999967,1.0000000000000022,3.3306690738754696e-16,0.198016249698302,0.15467786222394705
22,2,False,27.749543471178548,0.2141610409042452,0.010517192501729455,15.41959494510565,1466.1322346786028,0.9999999999999964,1.0000000000000027,4.440892098500626e-16,0.18960555406742366,0.15805095591133517
22,3,False,27.698131735988756,0.2089666489842892,0.010458919793343326,15.04559872686885,1438.5423183419723,0.9999999999999984,1.0000000000000044,3.3306690738754696e-16,0.18411469648134854,0.16248933118823664
22,4,False,27.422284884748628,0.2069775418002479,0.010275392134007827,14.902383009617843,1450.2982285509427,0.9999999999999971,1.0000000000000027,3.3306690738754696e-16,0.18182175116589674,0.16663303546274633
22,5,False,27.05455744012322,0.20706343408401465,0.010043766424371176,14.908567254049064,1484.3602115112374,0.9999999999999971,1.0000000000000036,4.440892098500626e-16,0.18166682501698944,0.1700482153434521
22,6,False,26.66653315996096,0.20826067363614206,0.009805368854914249,14.994768501802229,1529.240635785686,0.999999999999996,1.0000000000000036,4.440892098500626e-16,0.1826918965541911,0.17281042826302845
22,7,False,26.285126791538,0.21002601026777035,0.009574376944366435,15.121872739279468,1579.4106318507943,0.9999999999999967,1.0000000000000027,4.440892098500626e-16,0.18433468101526176,0.1751038111642387
22,8,False,25.91604607435372,0.21210241428273277,0.009352141251674304,15.271373828356754,1632.9280554464183,0.9999999999999971,1.0000000000000036,4.440892098500626e-16,0.18631742815602925,0.17708978698205885
22,9,False,25.556508120238142,0.21438937466379634,0.00913512613380041,15.436034975793342,1689.7451386773155,0.9999999999999982,1.000000000000003,5.551115123125783e-16,0.18852396817777986,0.17888672787550494
22,10,False,25.20085767335193,0.2168676666633467,0.008918389040116452,15.614471999760966,1750.8175444605945,0.9999999999999958,1.0000000000000027,4.440892098500626e-16,0.19092459241925192,0.18057721799196086
23,0,True,28.51773000794739,0.2116904083309176,0.04377313932507775,15.241709399826078,348.19776773684725,0.9999999999999973,1.0000000000000062,3.3306690738754696e-16,0.18317009268001186,0.16096787797013956
23,1,False,28.484403578480414,0.2130222634803398,0.04354329648462101,15.33760297058448,352.23798400292327,0.999999999999998,1.000000000000004,4.440892098500626e-16,0.18449776815678948,0.16057755076405048
23,2,False,28.454392981006897,0.21442201059933627,0.042836883245722976,15.43838476315221,360.39934732398274,0.9999999999999978,1.0000000000000027,3.3306690738754696e-16,0.18587941932761234,0.160162386618601
23,3,False,28.42472348186292,0.21591079981109518,0.04179222081418985,15.545577586398853,371.9729960155793,0.9999999999999969,1.0000000000000027,4.440892098500626e-16,0.18733002483980052,0.15973889595786755
23,4,False,28.391314298666288,0.21751187085638024,0.040618011183964534,15.660854701659371,385.5642914353737,0.9999999999999964,1.0000000000000027,4.440892098500626e-16,0.1888669695782852,0.15932737109948417
23,5,False,28.349234068284577,0.21924941676141302,0.039469122090928586,15.785958006821748,399.9571607003117,0.9999999999999978,1.000000000000004,4.440892098500626e-16,0.19050988306560376,0.15895008552378634
23,6,False,28.293143102643818,0.22114726659618147,0.03843020709517701,15.922603194925067,414.3251988075639,0.9999999999999969,1.000000000000004,6.106226635438361e-16,0.19228027390357888,0.1586287596263403
23,7,False,28.21786218020435,0.22322745955126633,0.037539718953894366,16.072377087691194,428.14324495692176,0.9999999999999984,1.0000000000000044,3.3306690738754696e-16,0.19420080973074935,0.15838163048815837
23,8,False,28.11899654741595,0.2255085509327907,0.03681197293561775,16.23661566716094,441.0688798331442,0.9999999999999982,1.0000000000000036,3.885780586188048e-16,0.19629395537749778,0.15822050282504968
23,9,False,27.993585600550123,0.22800302581992582,0.036249787606656245,16.416217859034653,452.86383570479956,0.9999999999999973,1.000000000000003,4.440892098500626e-16,0.19857941670932966,0.15814793591147688
23,10,False,27.84084722873658,0.23071244333694377,0.03585138704746108,16.611295920259934,463.3376080615634,0.9999999999999969,1.0000000000000013,5.551115123125783e-16,0.201069330254118,0.15815422733623322
24,0,False,27.034464489453967,0.2364574144251147,0.03880600410463489,17.024933838608256,438.71906503702195,0.9999999999999962,1.000000000000003,4.440892098500626e-16,0.21205859225803297,0.15375099520474325
24,1,False,27.809538955662383,0.23051344206672597,0.040424966662963684,16.59696782880426,410.5623133144096,0.999999999999996,1.0000000000000022,3.3306690738754696e-16,0.2064051134350491,0.1508204164186824
24,2,False,28.686932883173842,0.2228470861611238,0.04222384134853886,16.04499020360091,379.9983538010366,0.9999999999999967,1.0000000000000027,3.3306690738754696e-16,0.19897744840791123,0.14829481378710951
24,3,False,29.43340172534547,0.21510271882658757,0.04364371986447407,15.487395755514296,354.8596637410143,0.9999999999999964,1.0000000000000022,3.3306690738754696e-16,0.19131127271664625,0.1472516177449942
24,4,True,29.81896177733106,0.2095708899307267,0.044192869503824075,15.089104075012319,341.4375270134164,0.9999999999999973,1.0000000000000027,3.3306690738754696e-16,0.18563904195232064,0.148131019663079
24,5,False,29.789843309478435,0.20750747309256812,0.04378709293460579,14.94053806266491,341.20872296724485,0.9999999999999971,1.0000000000000036,4.440892098500626e-16,0.1832631278416778,0.15041520131332747
24,6,False,29.440967854601883,0.208685024904921,0.042631252884719854,15.025321793154308,352.4485155006968,0.9999999999999962,1.0000000000000027,4.440892098500626e-16,0.1840442410152103,0.1533646101860336
24,7,False,28.90219331619488,0.2121207132638172,0.04097685299738392,15.272691354994851,372.715087612265,0.999999999999998,1.000000000000003,3.3306690738754696e-16,0.18705832871239284,0.15652373167403552
24,8,False,28.283383046790565,0.21671715244072068,0.03903536020707034,15.603634975731882,399.7307798098825,0.9999999999999973,1.000000000000003,3.3306690738754696e-16,0.19123614906586864,0.15966995758688535
24,9,False,27.66346263220681,0.22157303815023968,0.03699274979113761,15.953258746817252,431.2536601601644,0.9999999999999973,1.000000000000003,3.3306690738754696e-16,0.19569892554798293,0.16265495918493622
24,10,False,27.089102086577938,0.22612267671705294,0.035013263426665296,16.280832723627817,464.9904387726598,0.9999999999999973,1.000000000000003,4.440892098500626e-16,0.1999048981084879,0.16536115976764829
25,0,True,30.29124791642664,0.21299415053219378,0.015831934937913753,15.335578838317947,968.6484247476819,0.9999999999999964,1.0000000000000022,4.440892098500626e-16,0.18788125788797685,0.14569825092635794
25,1,False,30.59784679817225,0.21078506725418383,0.016087196162744077,15.176524842301234,943.3915449758832,0.9999999999999958,1.0000000000000027,5.551115123125783e-16,0.18574460847243743,0.1446850913955861
25,2,False,31.04022775348677,0.2073187752844927,0.01648650205930306,14.926951820483474,905.4044191296748,0.9999999999999971,1.000000000000003,4.440892098500626e-16,0.18235764026116127,0.14338480059210937
25,3,False,31.61783452351538,0.20215668414029828,0.017085492418627272,14.555281258101466,851.9087949863668,0.9999999999999971,1.0000000000000018,3.3306690738754696e-16,0.17728017064106483,0.14202443699119985
25,4,False,32.21301191167099,0.1954573251678213,0.01782773315701145,14.072927412083128,789.3840057028451,0.9999999999999973,1.0000000000000027,3.3306690738754696e-16,0.17065365136710448,0.14136970185829356
25,5,False,32.58378135903565,0.188559007370584,0.018477341886656482,13.57624853068205,734.7511678877478,0.9999999999999969,1.0000000000000036,3.3306690738754696e-16,0.16378695381248737,0.1424669040023434
25,6,False,32.53816428681934,0.1835311274797109,0.018764525964473727,13.21424117853918,704.2139622155804,0.999999999999998,1.000000000000004,5.551115123125783e-16,0.15873832875323426,0.14555701259233844
25,7,False,32.10320416636156,0.18158611790983575,0.018626606847669046,13.074200489508168,701.909939713163,0.9999999999999973,1.0000000000000018,4.440892098500626e-16,0.15674710332913205,0.14972363256419108
25,8,False,31.436928477900548,0.182481932392351,0.018188291644350412,13.138699132249261,722.371258893375,0.999999999999996,1.0000000000000018,4.440892098500626e-16,0.1576029531236828,0.15396043094021664
25,9,False,30.675610343359555,0.1853559076809126,0.01759398978180688,13.345625353025703,758.5331990374228,0.9999999999999973,1.0000000000000018,3.3306690738754696e-16,0.16045110935670984,0.1578190441827004
25,10,False,29.892924283067963,0.18946527149228817,0.016933840298359346,13.641499547444749,805.5762489248478,0.999999999999998,1.0000000000000027,4.440892098500626e-16,0.1645401138084371,0.16124362863726696
26,0,True,28.756445723285243,0.21357442030684004,0.02907886522762085,15.377358262092482,528.8156240528308,0.9999999999999964,1.0000000000000022,3.885780586188048e-16,0.19077348483863954,0.15221144522608349
26,1,False,28.867110220786344,0.21088219626620164,0.029003438960832118,15.183518131166515,523.5075106669659,0.9999999999999964,1.0000000000000036,4.440892098500626e-16,0.1881376350961538,0.1528349614074726
26,2,False,28.816562846219366,0.20888608254583174,0.02868509386686329,15.039797943299892,524.3070848261614,0.9999999999999964,1.0000000000000036,3.3306690738754696e-16,0.1861157473272871,0.1544547203300447
26,3,False,28.588107377639506,0.20819816675101108,0.028123221859764628,14.990268006072792,533.0210059438136,0.9999999999999967,1.0000000000000027,4.440892098500626e-16,0.1853461214238845,0.1568146977397499
26,4,False,28.21612888626518,0.20897925243703028,0.027380574803425543,15.04650617546617,549.5321512966822,0.9999999999999971,1.0000000000000027,3.885780586188048e-16,0.1860250749239489,0.15950728892017918
26,5,False,27.75516842528471,0.21103545710591964,0.026536351797156955,15.194552911626214,572.5938903649192,0.9999999999999982,1.0000000000000036,4.440892098500626e-16,0.18798761228272381,0.16218581528325196
26,6,False,27.25297616979749,0.21403883873530066,0.02565380251733615,15.410796388941629,600.7217206309836,0.9999999999999967,1.000000000000003,3.885780586188048e-16,0.19091868378086393,0.16465580230653504
26,7,False,26.74119367484157,0.2176809643307776,0.02477275609741783,15.673029431815984,632.6720115510138,0.9999999999999973,1.0000000000000027,4.440892098500626e-16,0.19450828506652817,0.1668539645826553
26,8,False,26.237354944654136,0.2217267897919112,0.023914901873172533,15.9643288650176,667.5473288446232,0.9999999999999964,1.000000000000003,4.440892098500626e-16,0.1985121809855248,0.16879284903607208
26,9,False,25.749991303814213,0.22601106622351858,0.023091272534172154,16.272796768093343,704.7163270890189,0.9999999999999984,1.0000000000000036,5.551115123125783e-16,0.20275429428613534,0.1705163248727269
26,10,False,25.282980642372085,0.2304164901629343,0.022307858767453028,16.58998729173127,743.683536132832,0.9999999999999971,1.000000000000003,4.440892098500626e-16,0.20710811563770018,0.1720741735960564
27,0,False,28.629012388570974,0.2230590568551753,0.006277795181341712,16.060252093572622,2558.263152851089,0.9999999999999976,1.000000000000003,3.3306690738754696e-16,0.200598691314014,0.14956732719499735
27,1,False,29.597823544519066,0.21628504922210126,0.006615810648279534,15.572523543991284,2353.8345294149217,0.9999999999999967,1.0000000000000027,4.440892098500626e-16,0.19370646905285144,0.14681524337313287
27,2,True,30.684490692747815,0.20730397722665392,0.0070576599573647794,14.925886360319076,2114.8491781250636,0.9999999999999973,1.000000000000003,4.440892098500626e-16,0.18441523186437517,0.144725368460529
27,3,False,31.434644688563456,0.19905046337079801,0.007456368375563357,14.331633362697449,1922.0661642289956,0.9999999999999967,1.000000000000004,3.3306690738754696e-16,0.17560763642678345,0.14499491019131452
27,4,False,31.45113807125987,0.19560187807127893,0.007624061795904152,14.083335221132089,1847.2220711403506,0.9999999999999969,1.0000000000000027,4.440892098500626e-16,0.17154737940468295,0.14775977215118014
27,5,False,30.792976452273056,0.19800330796374005,0.0075391401613846935,14.256238173389278,1890.9634080567184,0.9999999999999964,1.0000000000000027,5.551115123125783e-16,0.17349859437789936,0.15172209644298365
27,6,False,29.71350304351685,0.20494679414457917,0.00729227270345309,14.7561691784097,2023.5350182971422,0.9999999999999973,1.0000000000000022,4.440892098500626e-16,0.18019391128137857,0.15600281402212268
27,7,False,28.4054803415713,0.2150141561287996,0.006970663701047575,15.481019241273565,2220.8816699831646,0.9999999999999973,1.000000000000003,5.551115123125783e-16,0.1901352634219732,0.1604024886644958
27,8,False,27.00696871945736,0.22695219328935104,0.006638471721858151,16.34055791683327,2461.4939403943777,0.9999999999999969,1.0000000000000027,4.440892098500626e-16,0.20194768130178561,0.16501568815163606
27,9,False,25.644487733333282,0.2393424736912431,0.006337389730104049,17.232658105769502,2719.204410596754,0.9999999999999964,1.0000000000000018,5.551115123125783e-16,0.21411969525275065,0.16987704072537463
27,10,False,24.426482149441775,0.25078770104004394,0.006081648261956329,18.05671447488315,2969.0494578314715,0.9999999999999962,1.0000000000000018,4.440892098500626e-16,0.225253433681055,0.1747164797409
28,0,False,26.76393968029111,0.239052483704902,0.053686748740900424,17.211778826752955,320.5964084325417,0.9999999999999973,1.000000000000003,8.881784197001252e-16,0.21669072110428267,0.15161173812202905
28,1,False,26.637699537443268,0.24015942256107678,0.05309090791464295,17.291478424397518,325.69566247007754,0.9999999999999964,1.000000000000003,3.3306690738754696e-16,0.21787292451098772,0.15170410977110677
28,2,False,26.535602002324932,0.24109007010014846,0.052556389516954016,17.358485047210692,330.2830580021306,0.9999999999999976,1.000000000000003,4.440892098500626e-16,0.21888107951466942,0.15170062887145133
28,3,False,26.495922877733307,0.24153093077298154,0.052207510077060815,17.39022701565468,333.09818817227375,0.9999999999999978,1.000000000000003,3.3306690738754696e-16,0.2194073207172047,0.15147991375520234
28,4,False,26.584657646760313,0.24090100106787032,0.0522427577695809,17.34487207688666,332.00529254958207,0.9999999999999962,1.000000000000003,4.440892098500626e-16,0.21888279641520036,0.15084668492883535
28,5,False,26.895140401562617,0.23826564247362964,0.052922674266965036,17.155126258101333,324.15456126731993,0.999999999999996,1.000000000000003,5.551115123125783e-16,0.21639187438629515,0.14958355607606316
28,6,False,27.50453178723967,0.23253529739981546,0.05449193711289702,16.742541412786707,307.2480498922128,0.9999999999999953,1.0000000000000022,3.3306690738754696e-16,0.21085499742252417,0.14772846004180676
28,7,True,28.357205156488774,0.22342610674006486,0.05692131094651549,16.08667968528468,282.61260005764933,0.9999999999999976,1.000000000000004,3.3306690738754696e-16,0.20193945578685324,0.14608350793191852
28,8,False,29.186553668689758,0.21282755108010667,0.05955108629545233,15.323583677767672,257.3182897410533,0.9999999999999967,1.0000000000000022,4.440892098500626e-16,0.1913956803499222,0.14601065944737776
28,9,False,29.713218497996905,0.2040304340784873,0.061674659368030633,14.690191253651076,238.18844569518302,0.9999999999999967,1.000000000000003,4.440892098500626e-16,0.18241412809172608,0.1478072352738042
28,10,False,29.901112927712067,0.19870142854185882,0.0632974505929696,14.306502855013832,226.0202065168616,0.9999999999999973,1.000000000000004,3.3306690738754696e-16,0.17674169142572785,0.15039008491399014
29,0,False,28.96058164045531,0.20412300251476995,0.029095239018923944,14.696856181063428,505.12924714261294,0.9999999999999964,1.0000000000000027,3.3306690738754696e-16,0.18279604145780506,0.15345506514543686
29,1,False,29.935970011736163,0.1954393326570957,0.029498178505599233,14.071631951310884,477.0339276589522,0.9999999999999967,1.000000000000003,4.440892098500626e-16,0.1736323506751735,0.15158851375290727
29,2,False,30.778444441819737,0.1873018204249508,0.02982217277830413,13.485731070596469,452.204846737641,0.9999999999999969,1.0000000000000027,3.3306690738754696e-16,0.16495153007439625,0.15051962430044075
29,3,False,31.361024664555313,0.18091300945247699,0.03001890535829297,13.025736680578337,433.91777698449187,0.9999999999999967,1.000000000000003,4.440892098500626e-16,0.15809432666282977,0.15029533986452712
29,4,False,31.661397852413057,0.17673608081158082,0.030090659104461626,12.724997818433824,422.88863711021384,0.9999999999999976,1.0000000000000027,4.440892098500626e-16,0.15356935061029828,0.15073747870149679
29,5,True,31.734846980438036,0.17455547641496175,0.030069693620375145,12.567994301877256,417.96216684300424,0.9999999999999978,1.000000000000003,4.440892098500626e-16,0.15113920163686884,0.1515919632826662
29,6,False,31.65572411724667,0.17387388772487156,0.029991984882935068,12.518919916190754,417.4088498995546,0.9999999999999978,1.0000000000000027,3.3306690738754696e-16,0.15027502235362122,0.1526444600992349
29,7,False,31.485353924061275,0.17419826635013383,0.0298856733918455,12.542275177209646,419.6751738788622,0.999999999999998,1.0000000000000036,4.440892098500626e-16,0.15046032495489017,0.1537609600701591
29,8,False,31.26590770854546,0.17514518992992967,0.02976977951869656,12.610453674954936,423.5991626016272,0.9999999999999976,1.000000000000003,4.440892098500626e-16,0.1512962335006697,0.15487171226032628
29,9,False,31.024168764539436,0.1764477010997623,0.029656259348161948,12.704234479182876,428.3829032527754,0.9999999999999953,1.0000000000000022,2.7755575615628914e-16,0.15250621338483758,0.15594376551696523
29,10,False,30.77653532046793,0.17793044813321376,0.029552306823642415,12.810992265591391,433.5022758812977,0.9999999999999969,1.000000000000003,5.551115123125783e-16,0.1539094632985892,0.15696193092139646
